driver_trip,prob
3531_1,0.826
3531_10,0.8802
3531_100,0.7256
3531_101,0.751
3531_102,0.894
3531_103,0.8994
3531_104,0.9372
3531_105,0.84
3531_106,0.7586
3531_107,0.8886
3531_108,0.8696
3531_109,0.844
3531_11,0.0278
3531_110,0.844
3531_111,0.1904
3531_112,0.8674
3531_113,0.9566
3531_114,0.912
3531_115,0.887
3531_116,0.7316
3531_117,0.7778
3531_118,0.9156
3531_119,0.7564
3531_12,0.783
3531_120,0.8904
3531_121,0.8796
3531_122,0.1412
3531_123,0.814
3531_124,0.9426
3531_125,0.8276
3531_126,0.8704
3531_127,0.8652
3531_128,0.8324
3531_129,0.8706
3531_13,0.0838
3531_130,0.8284
3531_131,0.8006
3531_132,0.85
3531_133,0.4584
3531_134,0.846
3531_135,0.7764
3531_136,0.8076
3531_137,0.7618
3531_138,0.771
3531_139,0.8194
3531_14,0.831
3531_140,0.8952
3531_141,0.8174
3531_142,0.702
3531_143,0.8112
3531_144,0.7932
3531_145,0.7704
3531_146,0.8814
3531_147,0.7718
3531_148,0.7636
3531_149,0.0394
3531_15,0.7624
3531_150,0.7624
3531_151,0.0628
3531_152,0.7816
3531_153,0.849
3531_154,0.7238
3531_155,0.8056
3531_156,0.874
3531_157,0.7866
3531_158,0.8344
3531_159,0.8874
3531_16,0.7632
3531_160,0.3966
3531_161,0.7422
3531_162,0.8064
3531_163,0.8126
3531_164,0.8234
3531_165,0.1756
3531_166,0.9308
3531_167,0.8716
3531_168,0.7048
3531_169,0.152
3531_17,0.872
3531_170,0.8116
3531_171,0.8394
3531_172,0.9152
3531_173,0.7604
3531_174,0.9284
3531_175,0.9018
3531_176,0.7118
3531_177,0.7962
3531_178,0.805
3531_179,0.839
3531_18,0.6766
3531_180,0.7856
3531_181,0.84
3531_182,0.7396
3531_183,0.7256
3531_184,0.7896
3531_185,0.8268
3531_186,0.8712
3531_187,0.0994
3531_188,0.8574
3531_189,0.7574
3531_19,0.8838
3531_190,0.8926
3531_191,0.9026
3531_192,0.7668
3531_193,0.9652
3531_194,0.8538
3531_195,0.893
3531_196,0.8372
3531_197,0.7184
3531_198,0.7298
3531_199,0.8086
3531_2,0.9598
3531_20,0.7236
3531_200,0.8792
3531_21,0.8202
3531_22,0.7108
3531_23,0.7388
3531_24,0.9428
3531_25,0.7482
3531_26,0.7942
3531_27,0.6818
3531_28,0.9118
3531_29,0.6952
3531_3,0.909
3531_30,0.8132
3531_31,0.8914
3531_32,0.1152
3531_33,0.7546
3531_34,0.6586
3531_35,0.9604
3531_36,0.7852
3531_37,0.9372
3531_38,0.8366
3531_39,0.2492
3531_4,0.8838
3531_40,0.9078
3531_41,0.871
3531_42,0.7828
3531_43,0.7692
3531_44,0.6804
3531_45,0.242
3531_46,0.8166
3531_47,0.7686
3531_48,0.7232
3531_49,0.3172
3531_5,0.7796
3531_50,0.736
3531_51,0.7558
3531_52,0.7986
3531_53,0.7544
3531_54,0.693
3531_55,0.9034
3531_56,0.8398
3531_57,0.7232
3531_58,0.9528
3531_59,0.8488
3531_6,0.9176
3531_60,0.8898
3531_61,0.8888
3531_62,0.8222
3531_63,0.8112
3531_64,0.8584
3531_65,0.0392
3531_66,0.6922
3531_67,0.7968
3531_68,0.6854
3531_69,0.096
3531_7,0.7698
3531_70,0.7802
3531_71,0.7876
3531_72,0.7752
3531_73,0.8026
3531_74,0.0554
3531_75,0.7644
3531_76,0.8542
3531_77,0.8092
3531_78,0.846
3531_79,0.9312
3531_8,0.8002
3531_80,0.1268
3531_81,0.886
3531_82,0.8718
3531_83,0.9028
3531_84,0.8972
3531_85,0.7592
3531_86,0.7092
3531_87,0.8036
3531_88,0.7902
3531_89,0.9246
3531_9,0.7578
3531_90,0.7444
3531_91,0.7972
3531_92,0.855
3531_93,0.939
3531_94,0.175
3531_95,0.7476
3531_96,0.8136
3531_97,0.7024
3531_98,0.8408
3531_99,0.8614
3256_1,0.8282
3256_10,0.7424
3256_100,0.9198
3256_101,0.9592
3256_102,0.6796
3256_103,0.713
3256_104,0.956
3256_105,0.9642
3256_106,0.9468
3256_107,0.9446
3256_108,0.9444
3256_109,0.8114
3256_11,0.9104
3256_110,0.8798
3256_111,0.9004
3256_112,0.9626
3256_113,0.9042
3256_114,0.118
3256_115,0.833
3256_116,0.984
3256_117,0.7626
3256_118,0.01
3256_119,0.6888
3256_12,0.8966
3256_120,0.7868
3256_121,0.968
3256_122,0.8474
3256_123,0.9716
3256_124,0.9398
3256_125,0.2092
3256_126,0.855
3256_127,0.9592
3256_128,0.8526
3256_129,0.7226
3256_13,0.8842
3256_130,0.8082
3256_131,0.8954
3256_132,0.918
3256_133,0.8486
3256_134,0.861
3256_135,0.9436
3256_136,0.8914
3256_137,0.957
3256_138,0.8986
3256_139,0.9302
3256_14,0.8984
3256_140,0.9298
3256_141,0.7354
3256_142,0.9574
3256_143,0.8544
3256_144,0.9468
3256_145,0.8064
3256_146,0.8084
3256_147,0.9868
3256_148,0.745
3256_149,0.7326
3256_15,0.4872
3256_150,0.8756
3256_151,0.8654
3256_152,0.7568
3256_153,0.9684
3256_154,0.9846
3256_155,0.95
3256_156,0.9402
3256_157,0.8668
3256_158,0.857
3256_159,0.9732
3256_16,0.9214
3256_160,0.9604
3256_161,0.001
3256_162,0.067
3256_163,0.9246
3256_164,0.9082
3256_165,0.9624
3256_166,0.9726
3256_167,0.856
3256_168,0.8458
3256_169,0.9224
3256_17,0.9446
3256_170,0.763
3256_171,0.7826
3256_172,0.9012
3256_173,0.015
3256_174,0.953
3256_175,0.7584
3256_176,0.9416
3256_177,0.8182
3256_178,0.9416
3256_179,0.366
3256_18,0.3634
3256_180,0.9344
3256_181,0.9338
3256_182,0.934
3256_183,0.9382
3256_184,0.944
3256_185,0.9748
3256_186,0.941
3256_187,0.9344
3256_188,0.9438
3256_189,0.1866
3256_19,0.9794
3256_190,0.8262
3256_191,0.9822
3256_192,0.84
3256_193,0.9332
3256_194,0.8456
3256_195,0.8046
3256_196,0.9388
3256_197,0.8342
3256_198,0.738
3256_199,0.0088
3256_2,0.8532
3256_20,0.8014
3256_200,0.941
3256_21,0.9388
3256_22,0.9092
3256_23,0.107
3256_24,0.8794
3256_25,0.8592
3256_26,0.9378
3256_27,0.9126
3256_28,0.8336
3256_29,0.7614
3256_3,0.7358
3256_30,0.9912
3256_31,0.8796
3256_32,0.9852
3256_33,0.9668
3256_34,0.9346
3256_35,0.916
3256_36,0.947
3256_37,0.7336
3256_38,0.9144
3256_39,0.0102
3256_4,0.9294
3256_40,0.865
3256_41,0.895
3256_42,0.003
3256_43,0.8518
3256_44,0.7674
3256_45,0.9326
3256_46,0.0322
3256_47,0.9752
3256_48,0.038
3256_49,0.0384
3256_5,0.9776
3256_50,0.8274
3256_51,0.972
3256_52,0.9016
3256_53,0.9864
3256_54,0.8212
3256_55,0.7622
3256_56,0.8896
3256_57,0.9238
3256_58,0.9368
3256_59,0.8912
3256_6,0.9402
3256_60,0.8946
3256_61,0.8494
3256_62,0.9496
3256_63,0.824
3256_64,0.0008
3256_65,0.686
3256_66,0.8228
3256_67,0.9232
3256_68,0.9848
3256_69,0.7508
3256_7,0.9484
3256_70,0.8432
3256_71,0.8476
3256_72,0.9372
3256_73,0.9784
3256_74,0.9702
3256_75,0.0962
3256_76,0.6738
3256_77,0.5266
3256_78,0.9306
3256_79,0.8218
3256_8,0.941
3256_80,0.915
3256_81,0.8808
3256_82,0.8954
3256_83,0.649
3256_84,0.69
3256_85,0.9538
3256_86,0.958
3256_87,0.94
3256_88,0.8864
3256_89,0.8262
3256_9,0.709
3256_90,0.9208
3256_91,0.9674
3256_92,0.775
3256_93,0.8996
3256_94,0.8908
3256_95,0.9396
3256_96,0.7206
3256_97,0.9576
3256_98,0.9272
3256_99,0.7024
2714_1,0.9142
2714_10,0.8364
2714_100,0.9054
2714_101,0.927
2714_102,0.8936
2714_103,0.8356
2714_104,0.9056
2714_105,0.9612
2714_106,0.8542
2714_107,0.7962
2714_108,0.9384
2714_109,0.9402
2714_11,0.141
2714_110,0.7414
2714_111,0.1822
2714_112,0.058
2714_113,0.758
2714_114,0.7958
2714_115,0.7658
2714_116,0.7242
2714_117,0.843
2714_118,0.9302
2714_119,0.7354
2714_12,0.775
2714_120,0.712
2714_121,0.9316
2714_122,0.068
2714_123,0.1102
2714_124,0.6786
2714_125,0.9406
2714_126,0.9378
2714_127,0.8738
2714_128,0.8556
2714_129,0.8378
2714_13,0.802
2714_130,0.1994
2714_131,0.9424
2714_132,0.9078
2714_133,0.9652
2714_134,0.8202
2714_135,0.6766
2714_136,0.7984
2714_137,0.9062
2714_138,0.87
2714_139,0.8326
2714_14,0.9854
2714_140,0.7712
2714_141,0.6868
2714_142,0.7964
2714_143,0.7144
2714_144,0.8426
2714_145,0.9606
2714_146,0.224
2714_147,0.78
2714_148,0.781
2714_149,0.9076
2714_15,0.6982
2714_150,0.7246
2714_151,0.695
2714_152,0.7622
2714_153,0.9104
2714_154,0.9102
2714_155,0.2204
2714_156,0.8838
2714_157,0.9394
2714_158,0.8738
2714_159,0.8878
2714_16,0.9502
2714_160,0.8502
2714_161,0.3166
2714_162,0.9234
2714_163,0.7214
2714_164,0.8774
2714_165,0.7118
2714_166,0.899
2714_167,0.9432
2714_168,0.7668
2714_169,0.746
2714_17,0.7686
2714_170,0.9062
2714_171,0.7454
2714_172,0.7086
2714_173,0.9154
2714_174,0.69
2714_175,0.0736
2714_176,0.9226
2714_177,0.686
2714_178,0.89
2714_179,0.6898
2714_18,0.7832
2714_180,0.8056
2714_181,0.9562
2714_182,0.9448
2714_183,0.7556
2714_184,0.8304
2714_185,0.8184
2714_186,0.7048
2714_187,0.2936
2714_188,0.9038
2714_189,0.8614
2714_19,0.8004
2714_190,0.8938
2714_191,0.869
2714_192,0.7688
2714_193,0.897
2714_194,0.7746
2714_195,0.9098
2714_196,0.7982
2714_197,0.9412
2714_198,0.9142
2714_199,0.8204
2714_2,0.8888
2714_20,0.8936
2714_200,0.9484
2714_21,0.8444
2714_22,0.14
2714_23,0.7762
2714_24,0.6592
2714_25,0.898
2714_26,0.7966
2714_27,0.1524
2714_28,0.9152
2714_29,0.7542
2714_3,0.6888
2714_30,0.8616
2714_31,0.8766
2714_32,0.9264
2714_33,0.7996
2714_34,0.128
2714_35,0.8128
2714_36,0.9432
2714_37,0.837
2714_38,0.847
2714_39,0.8174
2714_4,0.9864
2714_40,0.8826
2714_41,0.6732
2714_42,0.8662
2714_43,0.7212
2714_44,0.8422
2714_45,0.839
2714_46,0.8164
2714_47,0.6734
2714_48,0.9762
2714_49,0.6786
2714_5,0.7318
2714_50,0.67
2714_51,0.9224
2714_52,0.8684
2714_53,0.8292
2714_54,0.9882
2714_55,0.7178
2714_56,0.6938
2714_57,0.8134
2714_58,0.2204
2714_59,0.8658
2714_6,0.8808
2714_60,0.9142
2714_61,0.8068
2714_62,0.9506
2714_63,0.884
2714_64,0.7372
2714_65,0.8394
2714_66,0.7012
2714_67,0.8354
2714_68,0.1138
2714_69,0.8076
2714_7,0.8998
2714_70,0.8542
2714_71,0.666
2714_72,0.8352
2714_73,0.23
2714_74,0.7056
2714_75,0.901
2714_76,0.8934
2714_77,0.8352
2714_78,0.698
2714_79,0.7108
2714_8,0.7548
2714_80,0.8344
2714_81,0.9082
2714_82,0.7576
2714_83,0.922
2714_84,0.8564
2714_85,0.9598
2714_86,0.7046
2714_87,0.8082
2714_88,0.9014
2714_89,0.164
2714_9,0.9848
2714_90,0.8516
2714_91,0.09
2714_92,0.7756
2714_93,0.9066
2714_94,0.7672
2714_95,0.9964
2714_96,0.8692
2714_97,0.7054
2714_98,0.879
2714_99,0.1756
3144_1,0.9906
3144_10,0.2082
3144_100,0.905
3144_101,0.7614
3144_102,0.8684
3144_103,0.9852
3144_104,0.9374
3144_105,0.9618
3144_106,0.6928
3144_107,0.827
3144_108,0.8974
3144_109,0.978
3144_11,0.7314
3144_110,0.702
3144_111,0.9146
3144_112,0.9126
3144_113,0.853
3144_114,0.7422
3144_115,0.7148
3144_116,0.9488
3144_117,0.971
3144_118,0.9742
3144_119,0.7404
3144_12,0.7794
3144_120,0.918
3144_121,0.8824
3144_122,0.8242
3144_123,0.788
3144_124,0.8764
3144_125,0.1282
3144_126,0.959
3144_127,0.8678
3144_128,0.7296
3144_129,0.7106
3144_13,0.824
3144_130,0.1366
3144_131,0.9734
3144_132,0.0148
3144_133,0.8574
3144_134,0.6658
3144_135,0.9646
3144_136,0.9854
3144_137,0.8642
3144_138,0.0804
3144_139,0.965
3144_14,0.979
3144_140,0.8498
3144_141,0.9176
3144_142,0.3288
3144_143,0.9216
3144_144,0.994
3144_145,0.9676
3144_146,0.9712
3144_147,0.9652
3144_148,0.2456
3144_149,0.7588
3144_15,0.8766
3144_150,0.1482
3144_151,0.3088
3144_152,0.1446
3144_153,0.7114
3144_154,0.7978
3144_155,0.8074
3144_156,0.9346
3144_157,0.7654
3144_158,0.9052
3144_159,0.8932
3144_16,0.8704
3144_160,0.932
3144_161,0.9366
3144_162,0.8116
3144_163,0.8016
3144_164,0.768
3144_165,0.9326
3144_166,0.0186
3144_167,0.7962
3144_168,0.9664
3144_169,0.9474
3144_17,0.2334
3144_170,0.8848
3144_171,0.752
3144_172,0.7848
3144_173,0.8654
3144_174,0.8628
3144_175,0.9442
3144_176,0.3508
3144_177,0.9564
3144_178,0.7438
3144_179,0.9222
3144_18,0.7232
3144_180,0.878
3144_181,0.856
3144_182,0.9156
3144_183,0.7166
3144_184,0.7242
3144_185,0.9402
3144_186,0.7598
3144_187,0.6754
3144_188,0.9318
3144_189,0.2274
3144_19,0.9108
3144_190,0.7222
3144_191,0.8686
3144_192,0.8086
3144_193,0.8446
3144_194,0.9538
3144_195,0.9794
3144_196,0.9516
3144_197,0.8618
3144_198,0.98
3144_199,0.063
3144_2,0.6868
3144_20,0.92
3144_200,0.9626
3144_21,0.7454
3144_22,0.6594
3144_23,0.7188
3144_24,0.788
3144_25,0.8576
3144_26,0.9572
3144_27,0.8498
3144_28,0.0666
3144_29,0.9792
3144_3,0.3506
3144_30,0.994
3144_31,0.8714
3144_32,0.9206
3144_33,0.741
3144_34,0.8692
3144_35,0.7184
3144_36,0.6632
3144_37,0.7876
3144_38,0.8846
3144_39,0.7758
3144_4,0.8948
3144_40,0.8418
3144_41,0.8386
3144_42,0.6962
3144_43,0.9854
3144_44,0.938
3144_45,0.753
3144_46,0.9602
3144_47,0.775
3144_48,0.9886
3144_49,0.2522
3144_5,0.8966
3144_50,0.8304
3144_51,0.9036
3144_52,0.079
3144_53,0.8526
3144_54,0.85
3144_55,0.926
3144_56,0.8412
3144_57,0.7122
3144_58,0.952
3144_59,0.8132
3144_6,0.9344
3144_60,0.9182
3144_61,0.788
3144_62,0.9648
3144_63,0.9204
3144_64,0.9744
3144_65,0.9472
3144_66,0.972
3144_67,0.7054
3144_68,0.698
3144_69,0.9312
3144_7,0.6736
3144_70,0.7614
3144_71,0.8678
3144_72,0.8904
3144_73,0.9354
3144_74,0.9386
3144_75,0.6712
3144_76,0.9484
3144_77,0.6662
3144_78,0.891
3144_79,0.728
3144_8,0.0732
3144_80,0.8878
3144_81,0.8004
3144_82,0.7398
3144_83,0.9084
3144_84,0.815
3144_85,0.8762
3144_86,0.9208
3144_87,0.9512
3144_88,0.7676
3144_89,0.8398
3144_9,0.9294
3144_90,0.8736
3144_91,0.8742
3144_92,0.7422
3144_93,0.945
3144_94,0.8934
3144_95,0.9358
3144_96,0.9418
3144_97,0.6522
3144_98,0.9426
3144_99,0.8674
2284_1,0.9346
2284_10,0.0824
2284_100,0.2032
2284_101,0.7066
2284_102,0.8976
2284_103,0.7626
2284_104,0.7338
2284_105,0.6844
2284_106,0.8028
2284_107,0.7596
2284_108,0.7576
2284_109,0.7142
2284_11,0.8422
2284_110,0.753
2284_111,0.7252
2284_112,0.7846
2284_113,0.763
2284_114,0.7488
2284_115,0.7442
2284_116,0.9216
2284_117,0.7928
2284_118,0.7302
2284_119,0.812
2284_12,0.7806
2284_120,0.8026
2284_121,0.794
2284_122,0.7432
2284_123,0.654
2284_124,0.893
2284_125,0.0664
2284_126,0.8962
2284_127,0.8534
2284_128,0.7298
2284_129,0.2558
2284_13,0.8976
2284_130,0.6996
2284_131,0.837
2284_132,0.7762
2284_133,0.7206
2284_134,0.7718
2284_135,0.8752
2284_136,0.836
2284_137,0.7842
2284_138,0.8874
2284_139,0.7312
2284_14,0.8016
2284_140,0.7044
2284_141,0.686
2284_142,0.8244
2284_143,0.7324
2284_144,0.7696
2284_145,0.8684
2284_146,0.349
2284_147,0.9492
2284_148,0.4148
2284_149,0.851
2284_15,0.7686
2284_150,0.8762
2284_151,0.2568
2284_152,0.7808
2284_153,0.0908
2284_154,0.7688
2284_155,0.768
2284_156,0.756
2284_157,0.2274
2284_158,0.8968
2284_159,0.7638
2284_16,0.7402
2284_160,0.954
2284_161,0.7756
2284_162,0.7352
2284_163,0.748
2284_164,0.7562
2284_165,0.968
2284_166,0.8756
2284_167,0.7454
2284_168,0.8068
2284_169,0.7998
2284_17,0.8746
2284_170,0.9542
2284_171,0.791
2284_172,0.8016
2284_173,0.8204
2284_174,0.9826
2284_175,0.7032
2284_176,0.8368
2284_177,0.3712
2284_178,0.8574
2284_179,0.7648
2284_18,0.843
2284_180,0.9242
2284_181,0.8582
2284_182,0.7868
2284_183,0.7004
2284_184,0.6774
2284_185,0.8836
2284_186,0.7258
2284_187,0.8104
2284_188,0.7734
2284_189,0.8102
2284_19,0.9576
2284_190,0.7874
2284_191,0.838
2284_192,0.74
2284_193,0.9036
2284_194,0.8128
2284_195,0.762
2284_196,0.7932
2284_197,0.8686
2284_198,0.7528
2284_199,0.738
2284_2,0.8922
2284_20,0.6942
2284_200,0.7862
2284_21,0.885
2284_22,0.741
2284_23,0.81
2284_24,0.9368
2284_25,0.8388
2284_26,0.7678
2284_27,0.7654
2284_28,0.6934
2284_29,0.7428
2284_3,0.8258
2284_30,0.7952
2284_31,0.8352
2284_32,0.7556
2284_33,0.8222
2284_34,0.819
2284_35,0.7678
2284_36,0.7366
2284_37,0.7402
2284_38,0.7152
2284_39,0.7858
2284_4,0.7564
2284_40,0.766
2284_41,0.7218
2284_42,0.3458
2284_43,0.7698
2284_44,0.8954
2284_45,0.766
2284_46,0.7662
2284_47,0.7292
2284_48,0.1696
2284_49,0.9034
2284_5,0.8714
2284_50,0.7926
2284_51,0.661
2284_52,0.9438
2284_53,0.7328
2284_54,0.9296
2284_55,0.9268
2284_56,0.9052
2284_57,0.8046
2284_58,0.9274
2284_59,0.8278
2284_6,0.7798
2284_60,0.9806
2284_61,0.761
2284_62,0.7058
2284_63,0.824
2284_64,0.7488
2284_65,0.3054
2284_66,0.7652
2284_67,0.8122
2284_68,0.887
2284_69,0.8728
2284_7,0.8232
2284_70,0.949
2284_71,0.7288
2284_72,0.2202
2284_73,0.7168
2284_74,0.8126
2284_75,0.7904
2284_76,0.9728
2284_77,0.6888
2284_78,0.6792
2284_79,0.7812
2284_8,0.716
2284_80,0.1728
2284_81,0.9654
2284_82,0.757
2284_83,0.8044
2284_84,0.2586
2284_85,0.1578
2284_86,0.8756
2284_87,0.7666
2284_88,0.7698
2284_89,0.3432
2284_9,0.9336
2284_90,0.685
2284_91,0.8004
2284_92,0.8768
2284_93,0.7382
2284_94,0.7336
2284_95,0.341
2284_96,0.8924
2284_97,0.8534
2284_98,0.1566
2284_99,0.7546
2044_1,0.7994
2044_10,0.786
2044_100,0.7804
2044_101,0.8708
2044_102,0.2018
2044_103,0.7842
2044_104,0.8336
2044_105,0.8004
2044_106,0.8654
2044_107,0.4352
2044_108,0.751
2044_109,0.9706
2044_11,0.9188
2044_110,0.7758
2044_111,0.856
2044_112,0.889
2044_113,0.1322
2044_114,0.9406
2044_115,0.8324
2044_116,0.8852
2044_117,0.5274
2044_118,0.8736
2044_119,0.8542
2044_12,0.9116
2044_120,0.9364
2044_121,0.8016
2044_122,0.192
2044_123,0.9298
2044_124,0.761
2044_125,0.6538
2044_126,0.8004
2044_127,0.8542
2044_128,0.7784
2044_129,0.0446
2044_13,0.8568
2044_130,0.0548
2044_131,0.9098
2044_132,0.7836
2044_133,0.926
2044_134,0.7848
2044_135,0.8114
2044_136,0.7522
2044_137,0.2146
2044_138,0.9364
2044_139,0.698
2044_14,0.8536
2044_140,0.8364
2044_141,0.7268
2044_142,0.8428
2044_143,0.9152
2044_144,0.8442
2044_145,0.856
2044_146,0.8466
2044_147,0.1062
2044_148,0.826
2044_149,0.903
2044_15,0.779
2044_150,0.8182
2044_151,0.8878
2044_152,0.8584
2044_153,0.8166
2044_154,0.92
2044_155,0.9578
2044_156,0.915
2044_157,0.7
2044_158,0.1384
2044_159,0.9
2044_16,0.8666
2044_160,0.9088
2044_161,0.8678
2044_162,0.953
2044_163,0.7812
2044_164,0.9302
2044_165,0.9646
2044_166,0.8394
2044_167,0.2418
2044_168,0.8836
2044_169,0.75
2044_17,0.772
2044_170,0.8266
2044_171,0.8868
2044_172,0.9226
2044_173,0.7104
2044_174,0.805
2044_175,0.7106
2044_176,0.7758
2044_177,0.8228
2044_178,0.895
2044_179,0.8754
2044_18,0.9622
2044_180,0.8702
2044_181,0.75
2044_182,0.8378
2044_183,0.7862
2044_184,0.9666
2044_185,0.8966
2044_186,0.9544
2044_187,0.9436
2044_188,0.8408
2044_189,0.7718
2044_19,0.8592
2044_190,0.9302
2044_191,0.7562
2044_192,0.6806
2044_193,0.8828
2044_194,0.5032
2044_195,0.912
2044_196,0.8448
2044_197,0.95
2044_198,0.913
2044_199,0.78
2044_2,0.7998
2044_20,0.2472
2044_200,0.3508
2044_21,0.1338
2044_22,0.9386
2044_23,0.756
2044_24,0.8872
2044_25,0.8806
2044_26,0.8914
2044_27,0.7992
2044_28,0.9368
2044_29,0.8652
2044_3,0.7786
2044_30,0.8446
2044_31,0.782
2044_32,0.6534
2044_33,0.8282
2044_34,0.1014
2044_35,0.6946
2044_36,0.8456
2044_37,0.7618
2044_38,0.9222
2044_39,0.954
2044_4,0.8942
2044_40,0.8176
2044_41,0.8756
2044_42,0.0242
2044_43,0.7274
2044_44,0.8602
2044_45,0.9432
2044_46,0.8546
2044_47,0.8292
2044_48,0.8482
2044_49,0.7946
2044_5,0.9434
2044_50,0.9418
2044_51,0.9042
2044_52,0.8056
2044_53,0.7366
2044_54,0.8848
2044_55,0.8126
2044_56,0.814
2044_57,0.7364
2044_58,0.7226
2044_59,0.71
2044_6,0.663
2044_60,0.259
2044_61,0.8296
2044_62,0.7368
2044_63,0.7824
2044_64,0.8214
2044_65,0.8112
2044_66,0.866
2044_67,0.8886
2044_68,0.8194
2044_69,0.8574
2044_7,0.7124
2044_70,0.8466
2044_71,0.1452
2044_72,0.829
2044_73,0.7634
2044_74,0.7938
2044_75,0.0168
2044_76,0.7294
2044_77,0.906
2044_78,0.799
2044_79,0.7798
2044_8,0.8738
2044_80,0.6882
2044_81,0.8194
2044_82,0.8274
2044_83,0.8568
2044_84,0.7678
2044_85,0.8428
2044_86,0.8834
2044_87,0.6794
2044_88,0.772
2044_89,0.7362
2044_9,0.932
2044_90,0.8188
2044_91,0.7406
2044_92,0.9526
2044_93,0.8364
2044_94,0.7832
2044_95,0.7254
2044_96,0.839
2044_97,0.911
2044_98,0.878
2044_99,0.8178
1582_1,0.937
1582_10,0.1648
1582_100,0.7046
1582_101,0.8556
1582_102,0.7688
1582_103,0.8722
1582_104,0.743
1582_105,0.83
1582_106,0.7238
1582_107,0.739
1582_108,0.8234
1582_109,0.9556
1582_11,0.9342
1582_110,0.884
1582_111,0.7746
1582_112,0.7694
1582_113,0.678
1582_114,0.8326
1582_115,0.8536
1582_116,0.8418
1582_117,0.859
1582_118,0.7602
1582_119,0.1008
1582_12,0.7256
1582_120,0.7078
1582_121,0.8218
1582_122,0.7804
1582_123,0.6704
1582_124,0.7476
1582_125,0.1332
1582_126,0.7806
1582_127,0.6656
1582_128,0.0942
1582_129,0.8254
1582_13,0.9246
1582_130,0.7984
1582_131,0.6954
1582_132,0.7462
1582_133,0.6906
1582_134,0.8182
1582_135,0.848
1582_136,0.2046
1582_137,0.9518
1582_138,0.853
1582_139,0.7014
1582_14,0.8216
1582_140,0.944
1582_141,0.0564
1582_142,0.8694
1582_143,0.662
1582_144,0.8346
1582_145,0.755
1582_146,0.2246
1582_147,0.7112
1582_148,0.8846
1582_149,0.674
1582_15,0.8652
1582_150,0.947
1582_151,0.7804
1582_152,0.321
1582_153,0.7788
1582_154,0.1864
1582_155,0.7982
1582_156,0.8034
1582_157,0.8514
1582_158,0.8318
1582_159,0.8962
1582_16,0.8444
1582_160,0.8152
1582_161,0.7332
1582_162,0.773
1582_163,0.7506
1582_164,0.8704
1582_165,0.728
1582_166,0.7888
1582_167,0.796
1582_168,0.7594
1582_169,0.7992
1582_17,0.9138
1582_170,0.726
1582_171,0.7188
1582_172,0.6514
1582_173,0.4426
1582_174,0.9496
1582_175,0.8852
1582_176,0.8536
1582_177,0.662
1582_178,0.8266
1582_179,0.7212
1582_18,0.721
1582_180,0.6744
1582_181,0.8706
1582_182,0.9086
1582_183,0.88
1582_184,0.9064
1582_185,0.9562
1582_186,0.074
1582_187,0.6694
1582_188,0.7458
1582_189,0.8802
1582_19,0.9054
1582_190,0.7904
1582_191,0.9156
1582_192,0.8598
1582_193,0.85
1582_194,0.7394
1582_195,0.6546
1582_196,0.883
1582_197,0.8512
1582_198,0.8604
1582_199,0.934
1582_2,0.8808
1582_20,0.7848
1582_200,0.8444
1582_21,0.7602
1582_22,0.2102
1582_23,0.8714
1582_24,0.962
1582_25,0.7758
1582_26,0.8806
1582_27,0.1216
1582_28,0.8262
1582_29,0.9294
1582_3,0.8736
1582_30,0.8072
1582_31,0.851
1582_32,0.8512
1582_33,0.764
1582_34,0.707
1582_35,0.883
1582_36,0.6992
1582_37,0.7532
1582_38,0.9324
1582_39,0.8916
1582_4,0.884
1582_40,0.706
1582_41,0.6708
1582_42,0.8912
1582_43,0.8668
1582_44,0.676
1582_45,0.9036
1582_46,0.7982
1582_47,0.751
1582_48,0.8936
1582_49,0.8746
1582_5,0.7012
1582_50,0.6436
1582_51,0.8808
1582_52,0.8998
1582_53,0.125
1582_54,0.7842
1582_55,0.9304
1582_56,0.8752
1582_57,0.8226
1582_58,0.9006
1582_59,0.932
1582_6,0.9324
1582_60,0.7652
1582_61,0.9378
1582_62,0.7308
1582_63,0.7982
1582_64,0.7544
1582_65,0.2602
1582_66,0.0854
1582_67,0.7466
1582_68,0.9042
1582_69,0.7866
1582_7,0.2102
1582_70,0.0674
1582_71,0.7858
1582_72,0.9252
1582_73,0.8546
1582_74,0.7048
1582_75,0.6558
1582_76,0.4206
1582_77,0.8556
1582_78,0.9078
1582_79,0.808
1582_8,0.8754
1582_80,0.7968
1582_81,0.7302
1582_82,0.7858
1582_83,0.87
1582_84,0.7846
1582_85,0.7782
1582_86,0.8604
1582_87,0.7762
1582_88,0.7858
1582_89,0.6796
1582_9,0.8712
1582_90,0.7598
1582_91,0.9036
1582_92,0.8176
1582_93,0.9394
1582_94,0.9518
1582_95,0.7906
1582_96,0.8358
1582_97,0.7748
1582_98,0.7744
1582_99,0.8462
1675_1,0.9948
1675_10,0.9616
1675_100,0.993
1675_101,0.9716
1675_102,0.9412
1675_103,0.8164
1675_104,0.9328
1675_105,0.9556
1675_106,0.9802
1675_107,0.8616
1675_108,0.9736
1675_109,0.6712
1675_11,0.9458
1675_110,0.9276
1675_111,0.8458
1675_112,0.9068
1675_113,0.9542
1675_114,0.7742
1675_115,0.9822
1675_116,0.8872
1675_117,0.977
1675_118,0.9446
1675_119,0.0014
1675_12,0.9904
1675_120,0.7574
1675_121,0.9014
1675_122,0.9522
1675_123,0.0
1675_124,0.7676
1675_125,0.933
1675_126,0.8222
1675_127,0.9382
1675_128,0.9184
1675_129,0.998
1675_13,0.9956
1675_130,0.8454
1675_131,0.7272
1675_132,0.0096
1675_133,0.9932
1675_134,0.7582
1675_135,0.8656
1675_136,0.0098
1675_137,0.8338
1675_138,0.9836
1675_139,0.988
1675_14,0.8924
1675_140,0.9474
1675_141,0.9914
1675_142,0.041
1675_143,0.8122
1675_144,0.8636
1675_145,0.8776
1675_146,0.9992
1675_147,0.7388
1675_148,0.9568
1675_149,0.9714
1675_15,0.7616
1675_150,0.9766
1675_151,0.9588
1675_152,0.7682
1675_153,0.9954
1675_154,0.884
1675_155,0.985
1675_156,0.884
1675_157,0.9966
1675_158,0.9148
1675_159,0.652
1675_16,0.9776
1675_160,0.9288
1675_161,0.9846
1675_162,0.9952
1675_163,0.9238
1675_164,0.6992
1675_165,0.7826
1675_166,0.98
1675_167,0.988
1675_168,0.9452
1675_169,0.8626
1675_17,0.8828
1675_170,0.302
1675_171,0.6866
1675_172,0.9552
1675_173,0.99
1675_174,0.9742
1675_175,0.9492
1675_176,0.8666
1675_177,0.7588
1675_178,0.931
1675_179,0.9896
1675_18,0.9746
1675_180,0.993
1675_181,0.8832
1675_182,0.9928
1675_183,0.0082
1675_184,0.8612
1675_185,0.8288
1675_186,0.9422
1675_187,0.9878
1675_188,0.9744
1675_189,0.9964
1675_19,0.9084
1675_190,0.7594
1675_191,0.8342
1675_192,0.9988
1675_193,0.8328
1675_194,0.8364
1675_195,0.9746
1675_196,0.9778
1675_197,0.9506
1675_198,0.0864
1675_199,0.9796
1675_2,0.0078
1675_20,0.9456
1675_200,0.9794
1675_21,0.9568
1675_22,0.0246
1675_23,0.7852
1675_24,0.8536
1675_25,0.991
1675_26,0.0018
1675_27,0.9354
1675_28,0.9864
1675_29,0.8736
1675_3,0.9956
1675_30,0.7882
1675_31,0.8428
1675_32,0.866
1675_33,0.8134
1675_34,0.9186
1675_35,0.0282
1675_36,0.1404
1675_37,0.8106
1675_38,0.359
1675_39,0.9796
1675_4,0.9454
1675_40,0.8372
1675_41,0.9838
1675_42,0.7978
1675_43,0.9274
1675_44,0.8088
1675_45,0.8782
1675_46,0.7792
1675_47,0.852
1675_48,0.0388
1675_49,0.0216
1675_5,0.9982
1675_50,0.7512
1675_51,0.816
1675_52,0.9458
1675_53,0.953
1675_54,0.9808
1675_55,0.9852
1675_56,0.7434
1675_57,0.993
1675_58,0.6738
1675_59,0.993
1675_6,0.99
1675_60,0.8508
1675_61,0.9988
1675_62,0.9444
1675_63,0.9884
1675_64,0.9822
1675_65,0.956
1675_66,0.0218
1675_67,0.9848
1675_68,0.9402
1675_69,0.888
1675_7,0.9772
1675_70,0.9216
1675_71,0.995
1675_72,0.1836
1675_73,0.869
1675_74,0.8734
1675_75,0.9828
1675_76,0.674
1675_77,0.9668
1675_78,0.9936
1675_79,0.3804
1675_8,0.9934
1675_80,0.8794
1675_81,0.9836
1675_82,0.972
1675_83,0.9966
1675_84,0.9822
1675_85,0.8672
1675_86,0.8314
1675_87,0.0076
1675_88,0.9898
1675_89,0.9876
1675_9,0.9792
1675_90,0.924
1675_91,0.962
1675_92,0.7658
1675_93,0.9702
1675_94,0.892
1675_95,0.9766
1675_96,0.82
1675_97,0.804
1675_98,0.6868
1675_99,0.9564
3388_1,0.7082
3388_10,0.8342
3388_100,0.8092
3388_101,0.872
3388_102,0.9796
3388_103,0.928
3388_104,0.7548
3388_105,0.7998
3388_106,0.739
3388_107,0.9678
3388_108,0.8808
3388_109,0.7952
3388_11,0.9246
3388_110,0.7588
3388_111,0.9252
3388_112,0.8518
3388_113,0.0
3388_114,0.929
3388_115,0.894
3388_116,0.8572
3388_117,0.7276
3388_118,0.9572
3388_119,0.9246
3388_12,0.9466
3388_120,0.629
3388_121,0.8876
3388_122,0.7516
3388_123,0.9518
3388_124,0.353
3388_125,0.9026
3388_126,0.9496
3388_127,0.8714
3388_128,0.8376
3388_129,0.4218
3388_13,0.8908
3388_130,0.8532
3388_131,0.9366
3388_132,0.9314
3388_133,0.9168
3388_134,0.9912
3388_135,0.7754
3388_136,0.8862
3388_137,0.8004
3388_138,0.9718
3388_139,0.9534
3388_14,0.8514
3388_140,0.9676
3388_141,0.8166
3388_142,0.919
3388_143,0.9562
3388_144,0.8846
3388_145,0.0014
3388_146,0.7918
3388_147,0.973
3388_148,0.9668
3388_149,0.9736
3388_15,0.9794
3388_150,0.7972
3388_151,0.7562
3388_152,0.9588
3388_153,0.8922
3388_154,0.9134
3388_155,0.0004
3388_156,0.8326
3388_157,0.7174
3388_158,0.9566
3388_159,0.9952
3388_16,0.907
3388_160,0.9528
3388_161,0.9086
3388_162,0.9288
3388_163,0.9816
3388_164,0.9716
3388_165,0.9294
3388_166,0.9346
3388_167,0.92
3388_168,0.9328
3388_169,0.8418
3388_17,0.941
3388_170,0.9378
3388_171,0.9536
3388_172,0.8094
3388_173,0.9638
3388_174,0.849
3388_175,0.8956
3388_176,0.9728
3388_177,0.9688
3388_178,0.9798
3388_179,0.7876
3388_18,0.96
3388_180,0.8878
3388_181,0.9286
3388_182,0.9066
3388_183,0.9458
3388_184,0.9868
3388_185,0.8782
3388_186,0.987
3388_187,0.0522
3388_188,0.9016
3388_189,0.8006
3388_19,0.86
3388_190,0.9328
3388_191,0.1412
3388_192,0.9398
3388_193,0.4178
3388_194,0.57
3388_195,0.917
3388_196,0.9302
3388_197,0.9374
3388_198,0.9546
3388_199,0.9158
3388_2,0.9572
3388_20,0.9808
3388_200,0.9002
3388_21,0.0102
3388_22,0.8534
3388_23,0.92
3388_24,0.8814
3388_25,0.9862
3388_26,0.8806
3388_27,0.8812
3388_28,0.9676
3388_29,0.9676
3388_3,0.0014
3388_30,0.938
3388_31,0.914
3388_32,0.9146
3388_33,0.9186
3388_34,0.9858
3388_35,0.9018
3388_36,0.8092
3388_37,0.8572
3388_38,0.9678
3388_39,0.9962
3388_4,0.941
3388_40,0.9416
3388_41,0.9308
3388_42,0.9002
3388_43,0.8666
3388_44,0.9344
3388_45,0.9114
3388_46,0.973
3388_47,0.9862
3388_48,0.8676
3388_49,0.8568
3388_5,0.897
3388_50,0.8772
3388_51,0.8874
3388_52,0.8592
3388_53,0.8438
3388_54,0.7906
3388_55,0.0014
3388_56,0.97
3388_57,0.052
3388_58,0.8526
3388_59,0.7756
3388_6,0.9614
3388_60,0.9738
3388_61,0.9232
3388_62,0.9652
3388_63,0.7058
3388_64,0.9296
3388_65,0.001
3